{"cameraMode":{"drawMode":0,"name":"Shaded","section":"Shading Mode"},"sceneLighting":false,"audioPlay":false,"sceneViewState":{"m_AlwaysRefresh":false,"showFog":true,"showSkybox":false,"showFlares":true,"showImageEffects":true,"showParticleSystems":true,"showVisualEffectGraphs":true,"m_FxEnabled":true},"in2DMode":false,"pivot":{"x":0.45281684398651125,"y":0.3801895081996918,"z":-2.5821566581726076},"rotation":{"x":0.026187922805547715,"y":-0.9460015296936035,"z":0.07907827198505402,"w":0.31328117847442629},"size":0.9902946352958679,"orthographic":false}