{"cameraMode":{"drawMode":0,"name":"Shaded","section":"Shading Mode"},"sceneLighting":true,"audioPlay":false,"sceneViewState":{"m_AlwaysRefresh":false,"showFog":true,"showSkybox":true,"showFlares":true,"showImageEffects":true,"showParticleSystems":true,"showVisualEffectGraphs":true,"m_FxEnabled":true},"in2DMode":false,"pivot":{"x":-13.68048095703125,"y":11.292989730834961,"z":-10.906745910644532},"rotation":{"x":0.12860071659088136,"y":-0.21100714802742005,"z":0.028015853837132455,"w":0.9685827493667603},"size":51.34312057495117,"orthographic":false}