{"cameraMode":{"drawMode":0,"name":"Shaded","section":"Shading Mode"},"sceneLighting":true,"audioPlay":false,"sceneViewState":{"m_AlwaysRefresh":false,"showFog":true,"showSkybox":true,"showFlares":true,"showImageEffects":true,"showParticleSystems":true,"showVisualEffectGraphs":true,"m_FxEnabled":true},"in2DMode":false,"pivot":{"x":5.752229690551758,"y":3.340822219848633,"z":-0.24777594208717347},"rotation":{"x":0.7038671374320984,"y":-0.008523179218173027,"z":0.008446813561022282,"w":0.7102307081222534},"size":5.975701808929443,"orthographic":false}