{"cameraMode":{"drawMode":0,"name":"Shaded","section":"Shading Mode"},"sceneLighting":false,"audioPlay":false,"sceneViewState":{"m_AlwaysRefresh":false,"showFog":true,"showSkybox":false,"showFlares":true,"showImageEffects":true,"showParticleSystems":true,"showVisualEffectGraphs":true,"m_FxEnabled":true},"in2DMode":false,"pivot":{"x":0.3398131728172302,"y":0.1748315989971161,"z":-3.068018674850464},"rotation":{"x":0.031515855342149737,"y":-0.962465763092041,"z":0.1277886927127838,"w":0.23736417293548585},"size":1.1096609830856324,"orthographic":false}